country,image,attribution
Antigua And Barbuda,Antigua-and-Barbuda.png,https://flagsapi.com/#quick
Argentina,Argentina.png,https://flagsapi.com/#quick
Australia,Australia.png,https://flagsapi.com/#quick
Austria,Austria.png,https://flagsapi.com/#quick
Bahamas,Bahamas.png,https://flagsapi.com/#quick
Barbados,Barbados.png,https://flagsapi.com/#quick
Belarus,Belarus.png,https://flagsapi.com/#quick
Belgium,Belgium.png,https://flagsapi.com/#quick
Bolivia,Bolivia.png,https://flagsapi.com/#quick
Brazil,Brazil.png,https://flagsapi.com/#quick
Bulgaria,Bulgaria.png,https://flagsapi.com/#quick
Cambodia,Cambodia.png,https://flagsapi.com/#quick
Canada,Canada.png,https://flagsapi.com/#quick
Cayman Islands,Cayman-Islands.png,https://flagsapi.com/#quick
Chile,Chile.png,https://flagsapi.com/#quick
China,China.png,https://flagsapi.com/#quick
Colombia,Colombia.png,https://flagsapi.com/#quick
Cook Islands,Cook-Islands.png,https://flagsapi.com/#quick
Costa Rica,Costa-Rica.png,https://flagsapi.com/#quick
Croatia,Croatia.png,https://flagsapi.com/#quick
Czech Republic,Czech-Republic.png,https://flagsapi.com/#quick
Denmark,Denmark.png,https://flagsapi.com/#quick
Ecuador,Ecuador.png,https://flagsapi.com/#quick
Estonia,Estonia.png,https://flagsapi.com/#quick
Fiji,Fiji.png,https://flagsapi.com/#quick
Finland,Finland.png,https://flagsapi.com/#quick
France,France.png,https://flagsapi.com/#quick
Germany,Germany.png,https://flagsapi.com/#quick
Greece,Greece.png,https://flagsapi.com/#quick
Hungary,Hungary.png,https://flagsapi.com/#quick
Iceland,Iceland.png,https://flagsapi.com/#quick
India,India.png,https://flagsapi.com/#quick
Indonesia,Indonesia.png,https://flagsapi.com/#quick
Ireland,Ireland.png,https://flagsapi.com/#quick
Israel,Israel.png,https://flagsapi.com/#quick
Italy,Italy.png,https://flagsapi.com/#quick
Jamaica,Jamaica.png,https://flagsapi.com/#quick
Japan,Japan.png,https://flagsapi.com/#quick
Kuwait,Kuwait.png,https://flagsapi.com/#quick
Laos,Laos.png,https://flagsapi.com/#quick
Latvia,Latvia.png,https://flagsapi.com/#quick
Lebanon,Lebanon.png,https://flagsapi.com/#quick
Lithuania,Lithuania.png,https://flagsapi.com/#quick
Malaysia,Malaysia.png,https://flagsapi.com/#quick
Malta,Malta.png,https://flagsapi.com/#quick
Mauritius,Mauritius.png,https://flagsapi.com/#quick
Mexico,Mexico.png,https://flagsapi.com/#quick
Morocco,Morocco.png,https://flagsapi.com/#quick
Nepal,Nepal.png,https://flagsapi.com/#quick
Netherlands,Netherlands.png,https://flagsapi.com/#quick
New Zealand,New Zealand.png,https://flagsapi.com/#quick
Norway,Norway.png,https://flagsapi.com/#quick
Oman,Oman.png,https://flagsapi.com/#quick
Peru,Peru.png,https://flagsapi.com/#quick
Philippines,Philippines.png,https://flagsapi.com/#quick
Poland,Poland.png,https://flagsapi.com/#quick
Portugal,Portugal.png,https://flagsapi.com/#quick
Qatar,Qatar.png,https://flagsapi.com/#quick
Romannia,Romannia.png,https://flagsapi.com/#quick
Russia,Russia.png,https://flagsapi.com/#quick
Saint Lucia,Saint Lucia.png,https://flagsapi.com/#quick
Senegal,Senegal.png,https://flagsapi.com/#quick
Serbia,Serbia.png,https://flagsapi.com/#quick
Seychelles,Seychelles.png,https://flagsapi.com/#quick
Singapore,Singapore.png,https://flagsapi.com/#quick
Slovenia,Slovenia.png,https://flagsapi.com/#quick
South Africa,South Africa.png,https://flagsapi.com/#quick
South Korea,South Korea.png,https://flagsapi.com/#quick
Spain,Spain.png,https://flagsapi.com/#quick
Sri Lanka,Sri-Lanka.png,https://flagsapi.com/#quick
Sweden,Sweden.png,https://flagsapi.com/#quick
Switzerland,Switzerland.png,https://flagsapi.com/#quick
Taiwan,Taiwan.png,https://flagsapi.com/#quick
Tanzania,Tanzania.png,https://flagsapi.com/#quick
Thailand,Thailand.png,https://flagsapi.com/#quick
Turkey,Turkey.png,https://flagsapi.com/#quick
Turks And Caicos Islands,Turks-And-Caicos-Islands.png,https://flagsapi.com/#quick
Ukraine,Ukraine.png,https://flagsapi.com/#quick
United Arab Emirates,United-Arab-Emirates.png,https://flagsapi.com/#quick
United Kingdom,United-Kingdom.png,https://flagsapi.com/#quick
United States,United-States.png,https://flagsapi.com/#quick
Uruguay,Uruguay.png,https://flagsapi.com/#quick
Vietnam,Vietnam.png,https://flagsapi.com/#quick
