CountryID,attribution,Country,image
0,https://flagsapi.com/#quick,Antigua and Barbuda,Images/Antigua-and-Barbuda
1,https://flagsapi.com/#quick,Argentina,Images/Argentina
2,https://flagsapi.com/#quick,Australia,Images/Australia
3,https://flagsapi.com/#quick,Austria,Images/Austria
4,https://flagsapi.com/#quick,Bahamas,Images/Bahamas
5,https://flagsapi.com/#quick,Barbados,Images/Barbados
6,https://flagsapi.com/#quick,Belarus,Images/Belarus
7,https://flagsapi.com/#quick,Belgium,Images/Belgium
8,https://flagsapi.com/#quick,Bolivia,Images/Bolivia
9,https://flagsapi.com/#quick,Brazil,Images/Brazil
10,https://flagsapi.com/#quick,Bulgaria,Images/Bulgaria
11,https://flagsapi.com/#quick,Cambodia,Images/Cambodia
12,https://flagsapi.com/#quick,Canada,Images/Canada
13,https://flagsapi.com/#quick,Cayman Islands,Images/Cayman-Islands
14,https://flagsapi.com/#quick,Chile,Images/Chile
15,https://flagsapi.com/#quick,China,Images/China
16,https://flagsapi.com/#quick,Colombia,Images/Colombia
17,https://flagsapi.com/#quick,Cook Islands,Images/Cook-Islands
18,https://flagsapi.com/#quick,Costa Rica,Images/Costa-Rica
19,https://flagsapi.com/#quick,Croatia,Images/Croatia
20,https://flagsapi.com/#quick,Czech Republic,Images/Czech-Republic
21,https://flagsapi.com/#quick,Denmark,Images/Denmark
22,https://flagsapi.com/#quick,Ecuador,Images/Ecuador
23,https://flagsapi.com/#quick,Estonia,Images/Estonia
24,https://flagsapi.com/#quick,Fiji,Images/Fiji
25,https://flagsapi.com/#quick,Finland,Images/Finland
26,https://flagsapi.com/#quick,France,Images/France
27,https://flagsapi.com/#quick,Germany,Images/Germany
28,https://flagsapi.com/#quick,Greece,Images/Greece
29,https://flagsapi.com/#quick,Hong Kong,Images/Hong-Kong
30,https://flagsapi.com/#quick,Hungary,Images/Hungary
31,https://flagsapi.com/#quick,Iceland,Images/Iceland
32,https://flagsapi.com/#quick,India,Images/India
33,https://flagsapi.com/#quick,Indonesia,Images/Indonesia
34,https://flagsapi.com/#quick,Ireland,Images/Ireland
35,https://flagsapi.com/#quick,Israel,Images/Israel
36,https://flagsapi.com/#quick,Italy,Images/Italy
37,https://flagsapi.com/#quick,Jamaica,Images/Jamaica
38,https://flagsapi.com/#quick,Japan,Images/Japan
39,https://flagsapi.com/#quick,Kuwait,Images/Kuwait
40,https://flagsapi.com/#quick,Laos,Images/Laos
41,https://flagsapi.com/#quick,Latvia,Images/Latvia
42,https://flagsapi.com/#quick,Lebanon,Images/Lebanon
43,https://flagsapi.com/#quick,Lithuania,Images/Lithuania
44,https://flagsapi.com/#quick,Malaysia,Images/Malaysia
45,https://flagsapi.com/#quick,Malta,Images/Malta
46,https://flagsapi.com/#quick,Mauritius,Images/Mauritius
47,https://flagsapi.com/#quick,Mexico,Images/Mexico
48,https://flagsapi.com/#quick,Morocco,Images/Morocco
49,https://flagsapi.com/#quick,Myanmar,Images/Myanmar
50,https://flagsapi.com/#quick,Nepal,Images/Nepal
51,https://flagsapi.com/#quick,Netherlands,Images/Netherlands
52,https://flagsapi.com/#quick,New Zealand,Images/New-Zealand
53,https://flagsapi.com/#quick,Norway,Images/Norway
54,https://flagsapi.com/#quick,Oman,Images/Oman
55,https://flagsapi.com/#quick,Peru,Images/Peru
56,https://flagsapi.com/#quick,Philippines,Images/Philippines
57,https://flagsapi.com/#quick,Poland,Images/Poland
58,https://flagsapi.com/#quick,Portugal,Images/Portugal
59,https://flagsapi.com/#quick,Qatar,Images/Qatar
60,https://flagsapi.com/#quick,Romania,Images/Romania
61,https://flagsapi.com/#quick,Russia,Images/Russia
62,https://flagsapi.com/#quick,Saint Lucia,Images/Saint-Lucia
63,https://flagsapi.com/#quick,Senegal,Images/Senegal
64,https://flagsapi.com/#quick,Serbia,Images/Serbia
65,https://flagsapi.com/#quick,Seychelles,Images/Seychelles
66,https://flagsapi.com/#quick,Singapore,Images/Singapore
67,https://flagsapi.com/#quick,Slovenia,Images/Slovenia
68,https://flagsapi.com/#quick,South Africa,Images/South-Africa
69,https://flagsapi.com/#quick,South Korea,Images/South-Korea
70,https://flagsapi.com/#quick,Spain,Images/Spain
71,https://flagsapi.com/#quick,Sri Lanka,Images/Sri-Lanka
72,https://flagsapi.com/#quick,Sweden,Images/Sweden
73,https://flagsapi.com/#quick,Switzerland,Images/Switzerland
74,https://flagsapi.com/#quick,Taiwan,Images/Taiwan
75,https://flagsapi.com/#quick,Tanzania,Images/Tanzania
76,https://flagsapi.com/#quick,Thailand,Images/Thailand
77,https://flagsapi.com/#quick,Turkey,Images/Turkey
78,https://flagsapi.com/#quick,Turks and Caicos Islands,Images/Turks-and-Caicos-Islands
79,https://flagsapi.com/#quick,Ukraine,Images/Ukraine
80,https://flagsapi.com/#quick,United Arab Emirates,Images/United-Arab-Emirates
81,https://flagsapi.com/#quick,United Kingdom,Images/United-Kingdom
82,https://flagsapi.com/#quick,United States,Images/United-States
83,https://flagsapi.com/#quick,Uruguay,Images/Uruguay
84,https://flagsapi.com/#quick,Vietnam,Images/Vietnam
